{"noiseKey":{"private":{"type":"Buffer","data":"2DbSyhgc7hE0LaJiZZjALYhNCy8cwveQ5IP2le4rG3U="},"public":{"type":"Buffer","data":"RZxT8LSTbxn+71l2OJguiD7Qav4GSb55fVlbPxg8KiQ="}},"pairingEphemeralKeyPair":{"private":{"type":"Buffer","data":"IHZ4OTRrCKmKgpeShdJKojx2Dq1In/uLwmwX5Y4fWUM="},"public":{"type":"Buffer","data":"nQdJlGZFmNue9UrO4F2n6TNsFnrlSNKj0NESOGc5W0Y="}},"signedIdentityKey":{"private":{"type":"Buffer","data":"yIkwS57xv6QDDVmD68q2KVf0EpwefgtiJoWPlG/032s="},"public":{"type":"Buffer","data":"lNLkwT0PZkKRjfYoY18ywy0tGOlUPWOyCEz/oGtXQm4="}},"signedPreKey":{"keyPair":{"private":{"type":"Buffer","data":"cOZ3xGtfDIy3B3V7iHnhDzVqaoxJn4ZEYkU+pJtSkl4="},"public":{"type":"Buffer","data":"MchUJSVvf5m1TzwLnF34uFE7J9asAoF1QLEBUy3ydGg="}},"signature":{"type":"Buffer","data":"+Ut0Wo6g0rX2C34dU385B46PyiG4aBcZIhMQJZGlxiDD188awqLDEcri2aQIMkhogevB2/82d5jrkPYmvy53Ag=="},"keyId":1},"registrationId":204,"advSecretKey":"HTcQpxOn8KmbuLOYfOoVjl7X95GG+sBZ4JzIBaxBkDc=","processedHistoryMessages":[{"key":{"remoteJid":"6283824314982@s.whatsapp.net","fromMe":false,"id":"ACE76AC892F0A0296916667EA0B70D3D","participant":"","addressingMode":"pn"},"messageTimestamp":1765628253},{"key":{"remoteJid":"6283824314982@s.whatsapp.net","fromMe":false,"id":"ACB7C5E033696F8155D5993FF21CA51B","participant":"","addressingMode":"pn"},"messageTimestamp":1765628253},{"key":{"remoteJid":"6283824314982@s.whatsapp.net","fromMe":false,"id":"ACE4D2C0769BAE532089C1B47C0C9CC5","participant":"","addressingMode":"pn"},"messageTimestamp":1765628253},{"key":{"remoteJid":"6283824314982@s.whatsapp.net","fromMe":false,"id":"ACB3CB153ACD6A4C1D01B4C83AB7D601","participant":"","addressingMode":"pn"},"messageTimestamp":1765628253},{"key":{"remoteJid":"6283824314982@s.whatsapp.net","fromMe":false,"id":"AC110DE83E95EECB836DA381A6DD55D5","participant":"","addressingMode":"pn"},"messageTimestamp":1765628278},{"key":{"remoteJid":"6283824314982@s.whatsapp.net","fromMe":false,"id":"AC13E574CB229FDBC1FCEB3A9C3D9B61","participant":"","addressingMode":"pn"},"messageTimestamp":1765628294},{"key":{"remoteJid":"6283824314982@s.whatsapp.net","fromMe":false,"id":"AC14B79D81A5F81F7D5E454DFA0E6197","participant":"","addressingMode":"pn"},"messageTimestamp":1765628310},{"key":{"remoteJid":"6283824314982@s.whatsapp.net","fromMe":false,"id":"ACA8F2697B9013C006A97F5CFEFE714F","participant":"","addressingMode":"pn"},"messageTimestamp":1765628325},{"key":{"remoteJid":"6283824314982@s.whatsapp.net","fromMe":false,"id":"AC451AC03805F8152363E01B9F3D464B","participant":"","addressingMode":"pn"},"messageTimestamp":1765628340},{"key":{"remoteJid":"6283824314982@s.whatsapp.net","fromMe":false,"id":"ACC58A460885B6D332FBE237ADBDA7D4","participant":"","addressingMode":"pn"},"messageTimestamp":1765628355},{"key":{"remoteJid":"6283824314982@s.whatsapp.net","fromMe":false,"id":"AC0907CC19837A1F97D85EE6E6FF36F7","participant":"","addressingMode":"pn"},"messageTimestamp":1765628370},{"key":{"remoteJid":"6283824314982@s.whatsapp.net","fromMe":false,"id":"AC1A60053436798AC43F261E7B880AC2","participant":"","addressingMode":"pn"},"messageTimestamp":1765628387},{"key":{"remoteJid":"6283824314982@s.whatsapp.net","fromMe":false,"id":"ACE1076B36C65DCF2C9468C6EBCB7538","participant":"","addressingMode":"pn"},"messageTimestamp":1765628408},{"key":{"remoteJid":"6283824314982@s.whatsapp.net","fromMe":false,"id":"AC38E1DEC5CC7EE8F25DE8228FF85B28","participant":"","addressingMode":"pn"},"messageTimestamp":1765628409},{"key":{"remoteJid":"6283824314982@s.whatsapp.net","fromMe":false,"id":"ACCDE3FE3C6695AF5C0B16A7153692DC","participant":"","addressingMode":"pn"},"messageTimestamp":1765628432},{"key":{"remoteJid":"6283824314982@s.whatsapp.net","fromMe":false,"id":"ACDCED62D92CBC6417F8B642DF6A6261","participant":"","addressingMode":"pn"},"messageTimestamp":1765628451},{"key":{"remoteJid":"6283824314982@s.whatsapp.net","fromMe":false,"id":"AC84EC2558D9DA173DAB723DC779555B","participant":"","addressingMode":"pn"},"messageTimestamp":1765628470},{"key":{"remoteJid":"6283824314982@s.whatsapp.net","fromMe":false,"id":"AC5C2A22419E2E926F61184CC4935110","participant":"","addressingMode":"pn"},"messageTimestamp":1765628486},{"key":{"remoteJid":"6283824314982@s.whatsapp.net","fromMe":false,"id":"ACCBA98A72DC8A525E8D0DC6C8D893F3","participant":"","addressingMode":"pn"},"messageTimestamp":1765628494},{"key":{"remoteJid":"6283824314982@s.whatsapp.net","fromMe":false,"id":"ACB956A82E7A8EB457211CF61B5B6B1E","participant":"","addressingMode":"pn"},"messageTimestamp":1765628519},{"key":{"remoteJid":"6283824314982@s.whatsapp.net","fromMe":false,"id":"AC37233808498D9D109855BDFA2E6A4A","participant":"","addressingMode":"pn"},"messageTimestamp":1765628540},{"key":{"remoteJid":"6283824314982@s.whatsapp.net","fromMe":false,"id":"AC68B7BFBA2F6319F13EC9EB9CBF08B7","participant":"","addressingMode":"pn"},"messageTimestamp":1765628560},{"key":{"remoteJid":"6283824314982@s.whatsapp.net","fromMe":false,"id":"ACEE17F112AE1E589079B622ABCD255A","participant":"","addressingMode":"pn"},"messageTimestamp":1765628579},{"key":{"remoteJid":"6283824314982@s.whatsapp.net","fromMe":false,"id":"ACF4D35852807EF7F492209CB4680735","participant":"","addressingMode":"pn"},"messageTimestamp":1765628601},{"key":{"remoteJid":"6283824314982@s.whatsapp.net","fromMe":false,"id":"AC9D2C6E8AE882E80E97F7C281277166","participant":"","addressingMode":"pn"},"messageTimestamp":1765628622},{"key":{"remoteJid":"6283824314982@s.whatsapp.net","fromMe":false,"id":"AC18EEEAD2EC486169EF2B2C01036CC8","participant":"","addressingMode":"pn"},"messageTimestamp":1765628640},{"key":{"remoteJid":"6283824314982@s.whatsapp.net","fromMe":false,"id":"ACF7E24444BECD58DC5A4739C2A03C78","participant":"","addressingMode":"pn"},"messageTimestamp":1765628660},{"key":{"remoteJid":"6283824314982@s.whatsapp.net","fromMe":false,"id":"ACF35E2768F0C2C07B6BEBD0CDB9BFA1","participant":"","addressingMode":"pn"},"messageTimestamp":1765628677},{"key":{"remoteJid":"6283824314982@s.whatsapp.net","fromMe":false,"id":"AC5DE6F058C4C7DE62C09A6F36FC5313","participant":"","addressingMode":"pn"},"messageTimestamp":1765628694},{"key":{"remoteJid":"6283824314982@s.whatsapp.net","fromMe":false,"id":"ACC6CC8A8CC2C3C866F8D929DE47A1E0","participant":"","addressingMode":"pn"},"messageTimestamp":1765628710},{"key":{"remoteJid":"6283824314982@s.whatsapp.net","fromMe":false,"id":"AC424DF17E443C83CCC938F3A5DFA7C7","participant":"","addressingMode":"pn"},"messageTimestamp":1765628729},{"key":{"remoteJid":"6283824314982@s.whatsapp.net","fromMe":false,"id":"ACE4B1A1B8F6DF14A90C9E342269B82B","participant":"","addressingMode":"pn"},"messageTimestamp":1765628745},{"key":{"remoteJid":"6283824314982@s.whatsapp.net","fromMe":false,"id":"ACF359CD8F5F1D83510ADD08F9EF9D9C","participant":"","addressingMode":"pn"},"messageTimestamp":1765628762},{"key":{"remoteJid":"6283824314982@s.whatsapp.net","fromMe":false,"id":"AC442948C56837540B052CDD83D05504","participant":"","addressingMode":"pn"},"messageTimestamp":1765628779},{"key":{"remoteJid":"6283824314982@s.whatsapp.net","fromMe":false,"id":"ACCFC6193A2A0F97CCA52F47552D445B","participant":"","addressingMode":"pn"},"messageTimestamp":1765628797},{"key":{"remoteJid":"6283824314982@s.whatsapp.net","fromMe":false,"id":"AC7E5566DA1B5242B4FDAAFF49C882C7","participant":"","addressingMode":"pn"},"messageTimestamp":1765628813},{"key":{"remoteJid":"6283824314982@s.whatsapp.net","fromMe":false,"id":"AC111D0B2D1C465B4EA2C5494DE2B5FF","participant":"","addressingMode":"pn"},"messageTimestamp":1765628817}],"nextPreKeyId":814,"firstUnuploadedPreKeyId":814,"accountSyncCounter":2,"accountSettings":{"unarchiveChats":false},"registered":true,"pairingCode":"YG8JE9ZB","me":{"id":"6283824314982:52@s.whatsapp.net","lid":"193621689135295:52@lid","name":"Rizki"},"account":{"details":"CMDTwIAHENWy9ckGGAEgACgA","accountSignatureKey":"YhLQgQGIdPfZimMdCmt1lt+BZ1/PEwF7YJFvpwbOGHQ=","accountSignature":"s2v2LgCUy4I0GRI4k7EZasg6xgDdP8fr24NKPDHoqj4afzrQF5XPyS3X9j/9XE1ILa7FvS1+EjoPiKJ3rXl7Dg==","deviceSignature":"cxDlZAgAkLRKO/VshA2lDihaRsPR52mXV4RUTZTEhQIaXnk6ZIVX3Ld6eQQXG0ASYsCojfN16uiWcFiW+hsXCg=="},"signalIdentities":[{"identifier":{"name":"193621689135295:52@lid","deviceId":0},"identifierKey":{"type":"Buffer","data":"BWIS0IEBiHT32YpjHQprdZbfgWdfzxMBe2CRb6cGzhh0"}}],"platform":"android","routingInfo":{"type":"Buffer","data":"CAgIDQgF"},"lastAccountSyncTimestamp":1765628509,"lastPropHash":"1K4hH4","myAppStateKeyId":"AAAAAJ1/"}