{"_sessions":{"Bcq7fP0bDS3hXc2rImKmTWImSEM3oaFxfXOECTsGwwoj":{"registrationId":2104386689,"currentRatchet":{"ephemeralKeyPair":{"pubKey":"BdxUPC/z2UAUiIBo8XDRhBB6ONN4wa7kURwU/gU79aYw","privKey":"yNI8XMK+27tqVid1EiIXK+Mt1xhPh2OYhZwEFRdbr3g="},"lastRemoteEphemeralKey":"BRTH9eqlz+XdNtfcOiVvi2+M9vmAYeZOdRnqMSRNZSRT","previousCounter":0,"rootKey":"5xgj7IxJlOrBmKGpI6gMr6ZQxqBzGaBek9VNC3Wa1Ho="},"indexInfo":{"baseKey":"Bcq7fP0bDS3hXc2rImKmTWImSEM3oaFxfXOECTsGwwoj","baseKeyType":1,"closed":-1,"used":1765639487501,"created":1765639487501,"remoteIdentityKey":"Bd0WocX8feRnYvDwn5eG9nSY3sEezetIVrcTyRk2od5N"},"_chains":{"BdxUPC/z2UAUiIBo8XDRhBB6ONN4wa7kURwU/gU79aYw":{"chainKey":{"counter":-1,"key":"D+jRc76zcapbM1KEYXiXKbDjiSJtlmT3nRkZfpkCo0s="},"chainType":1,"messageKeys":{}}},"pendingPreKey":{"signedKeyId":10382380,"baseKey":"Bcq7fP0bDS3hXc2rImKmTWImSEM3oaFxfXOECTsGwwoj"}}},"version":"v1"}